Region	Country	City	Jan	Feb	Mar	Apr	May	Jun	Jul	Aug	Sep	Oct	Nov	Dec	Yearly
Africa	Algeria	Algiers	81.4	72.7	55	58.4	41.9	8.5	4.5	8.2	28.3	58.8	89.6	91	598.3
Africa	Cameroon	Douala	34.2	54.5	155.2	241.2	276.2	354.1	681.4	687.5	561.2	406.6	123.1	27.5	"3,602.70"
Africa	Egypt	Cairo	4.8	4.1	5.7	1.1	0.4	0.1	0	0	0	0.4	3.7	4.5	24.8
Africa	Gabon	Cocobeach	215.8	218.1	274.7	290.7	346.7	68.3	14.5	36.7	248.7	680.7	456.5	274.6	"3,126"
Africa	Guinea	Conakry	1	1	3	22	137	396	1130	1104	617	295	70	8	"3,784"
Africa	Guinea Bissau	Bissau	0.5	0.8	0.5	0.8	17.3	174.8	472.5	682.5	434.9	194.8	41.4	2	"2,022.80"
Africa	Liberia	Monrovia	51	71	120	154	442	958	797	354	720	598	237	122	"4,624"
Africa	Nigeria	Akassa	64	103	171	261	381	602	491	284	494	417	193	80	"3,541"
Africa	Nigeria	Lagos	13.2	40.6	84.3	146.3	202.4	315.5	243	121.7	160	125.1	39.7	14.8	"1,506.60"
Asia	Afghanistan	Kabul	34.3	60.1	67.9	71.9	23.4	1	6.2	1.6	1.7	3.7	18.6	21.6	312
Asia	Bhutan	Sibsu	20.6	40.4	102.6	333.4	631.1	"1,069.10"	"1,321.20"	"1,075.20"	665.9	213.8	32.9	14.3	"5,520.50"
Asia	Bhutan	Thimphu	6.3	9.2	20.4	29.9	49.8	97.7	152.8	120.8	73.9	43.1	1.2	3.7	608
Asia	China	Hong Kong	33.2	38.9	75.3	153	290.6	491.5	385.8	453.2	321.4	120.3	39.3	28.8	"2,431.30"
Asia	Japan	Owase	106	118.8	233.8	295.4	360.5	436.6	405.2	427.3	745.7	507.6	211.5	121.3	"3,969.70"
Asia	Japan	Yakushima	294.6	289.2	387	405.5	444.1	860.3	362.4	256.5	450.7	309.9	309.6	281.8	"4,651.60"
Asia	Malaysia	Labuan	233.1	122.9	109.9	195.7	297.8	287.6	284.8	283.5	351.3	390.8	377.9	309.5	"3,244.80"
Asia	Taiwan	Taipei	93.8	129.4	157.8	151.4	245.2	354.6	214.2	336.5	336.8	162.6	89.3	96.9	"2,368.50"
Europe	Albania	Tirana	143	132	115	104	103	68	42	46	78	114	172	148	"1,266"
Europe	Armenia	Yerevan	20	21	29	51	42	22	16	9	8	32	26	20	296
Europe	Austria	Bregenz	71	75	100	114	146	182	191	177	148	105	108	102	"1,519"
Europe	Austria	Vienna	38	40	51	45	69	70	70	72	61	38	49	48	651
Europe	Belarus	Minsk	45	39	44	42	65	89	89	68	60	52	48	49	690
Europe	Belgium	Brussels	75.2	61.6	69.5	51	65.1	72.1	73.6	76.8	69.6	75	77	81.4	848
Europe	Bosnia and Herzegovina	Mostar	164.7	153.2	150	127.3	102.1	77.9	44.8	73.7	96.3	153.5	199.9	178.9	"1,522.50"
Europe	Bosnia and Herzegovina	Sarajevo	68	64	70	77	72	90	72	66	91	86	85	86	928
Europe	Bulgaria	Sofia	35.9	35.5	45.3	52.3	73.1	81.6	64.7	53.1	52.3	53.9	38.1	39.9	625.7
Europe	Croatia	Parg	119.5	113.5	129.1	141.1	138.5	158.3	118.9	134.2	180.8	230.9	213.5	162.7	"1,841"
Europe	Croatia	Split	73.7	61.2	63.4	61.9	61.6	47.3	25.5	44.8	68.9	82.1	101.7	90.8	782.8
Europe	Croatia	Zagreb	43.2	38.9	52.6	59.3	72.6	95.3	77.4	92.3	85.8	82.9	80.1	59.6	840.1
Europe	Cyprus	Nicosia	54.7	41.6	28.3	19.9	23.5	17.6	5.8	1.3	11.7	17.4	54.6	65.8	342.2
Europe	Czech Republic	Prague	34	30	40	34	63	70	82	75	47	34	40	38	587
Europe	Denmark	Copenhagen	53	36.9	42.3	35.8	47.2	63.9	60.9	67.5	61	63.3	56.4	57.4	645.7
Europe	Estonia	Tallinn	56	40	37	35	37	68	82	85	58	78	66	59	700
Europe	Faroe Islands	Tórshavn	157.7	115.2	131.6	89.5	63.3	57.5	74.3	96	119.5	147.4	139.3	135.3	"1,321.30"
Europe	Finland	Helsinki	51	41.2	47.6	51.8	63.2	49.6	62.3	52.7	47.6	61.5	51.1	57.8	637.4
Europe	France	Biarritz	139.6	110.4	102.8	117.7	116.1	99.2	77.3	87.5	118.2	147.3	206.9	150.6	"1,473.60"
Europe	France	Lyon	47.2	44.1	50.4	74.9	90.8	75.6	63.7	62	87.5	98.6	81.9	55.2	831.9
Europe	France	Paris	51	41.2	47.6	51.8	63.2	49.6	62.3	52.7	47.6	61.5	51.1	57.8	637.4
Europe	Georgia	Tbilisi	18.9	25.8	30.3	50.5	77.6	76	44.9	47.5	35.6	37.5	29.9	21	495.5
Europe	Germany	Bad Wiessee	162.2	160.3	192.3	160.9	243.4	281.6	254.6	253.9	184	154	160.7	181	"2,388.90"
Europe	Germany	Berlin	37.2	30.1	39.3	33.7	52.6	60.2	52.5	53	39.5	32.2	37.8	46.1	515.2
Europe	Germany	Frankfurt	45	41	48	42	63	58	65	57	53	55	49	54	629
Europe	Germany	Oberstdorf	125.8	111.8	127.6	121	139.9	210.1	229.1	199.8	145.2	114.6	141.8	134.5	"1,801.20"
Europe	Greece	Athens	55.6	44.4	45.6	27.6	20.7	11.6	10.7	5.4	25.8	38.6	70.8	76.3	433.1
Europe	Greece	Heraklion	90.1	67.6	58.2	28.5	14.2	3.5	1	0.6	17.7	64.9	59	77.9	483.2
Europe	Greece	Kerkyra	136.6	124.6	98.1	66.7	37	14.1	9.2	19	81.3	137.7	187.4	185.6	"1,097.30"
Europe	Greece	Piraeus	42	36.3	34.1	30.3	16	5.1	5.6	3.1	11.4	30.5	58.9	58.8	331.9
Europe	Hungary	Budapest	37	29	30	42	62	63	45	49	40	39	53	43	532
Europe	Iceland	Reykjavík	83	85.9	81.4	56	52.8	43.8	52.3	67.3	73.5	74.4	78.8	94.1	843.3
Europe	Iceland	Vík í Mýrdal	203.1	178.6	184.7	155.9	137.7	171.7	151.7	211	214.4	242.2	195.3	206.2	"2,252.50"
Europe	Ireland	Dublin	62.6	48.8	52.7	54.1	59.5	66.7	56.2	73.3	59.5	79	72.9	72.7	758
Europe	Ireland	Valentia Island	173.8	123.7	123.8	96.7	93.5	95.3	99	114.9	125.4	177.1	169.3	164.9	"1,557.40"
Europe	Italy	Naples	92.1	95.3	77.9	98.6	59	32.8	28.5	35.5	88.9	135.5	152.1	112	"1,008.20"
Europe	Italy	Palermo	97.5	109.9	78.2	65.1	36.2	17.9	6.7	31.8	65.3	105.6	117.5	123.7	855.4
Europe	Italy	Rome	69.5	75.8	59	76.2	49.1	40.7	21	34.1	71.8	107	109.9	84.4	798.5
Europe	Italy	Tarvisio	69.1	66.7	93.3	132.9	123.7	154.3	141.2	119.4	140	153.8	131.1	91.5	"1,417"
Europe	Latvia	Riga	33.7	27	27.9	41.1	42.5	59.9	74.3	73.1	78.9	60.2	57.3	46	620.9
Europe	Lithuania	Vilnius	38.9	34.4	37	46.2	52.1	72.7	79.3	75.8	65.2	51.5	51.5	49.2	653.8
Europe	Luxembourg	Luxembourg City	76.9	62.4	69.2	58.1	76.5	81.7	71	75.8	75.4	86.9	76.5	86.4	896.9
Europe	Malta	Valletta	98.5	60.1	44.2	20.7	16	4.6	0.3	12.8	58.6	82.9	92.3	109.2	595.8
Europe	Moldova	Chișinău	36	31	34	40	50	66	65	55	50	42	39	40	548
Europe	Monaco	Monaco	67.7	48.4	41.2	71.3	49	32.6	13.7	26.5	72.5	128.7	103.2	88.8	743.6
Europe	Montenegro	Cetinje	429.5	351.1	368.9	277.3	157.4	100.6	66.3	112.3	191	293	499.9	455.8	"3,303.10"
Europe	Montenegro	Podgorica	191.6	166.5	159	145.2	89.8	63.3	38.5	65.9	119.6	164.2	238.5	217.2	"1,659.30"
Europe	Netherlands	Amsterdam	66.6	50.6	60.6	40.9	55.6	66	76.5	85.9	82.4	89.6	87.2	76.3	838.2
Europe	North Macedonia	Skopje	30	29	38	40	43	54	38	36	34	49	45	48	483
Europe	Norway	Bergen	252.7	197.8	200.3	133.7	104.5	119.4	151.1	198.4	254.9	270.8	261.4	267.8	"2,412.80"
Europe	Norway	Oslo	54.9	41	50.4	46.9	54.1	70.5	84.7	97.8	80.6	90.4	79.1	52.4	802.7
Europe	Norway	Tromsø	108.3	96.7	96.7	71.1	56.5	58	72.5	88	111.3	127.4	94.4	109.7	"1,090.60"
Europe	Poland	Warsaw	27	26	31	34	56	69	73	64	46	32	37	34	529
Europe	Portugal	Braga	176.4	114.8	121.6	130.8	112.9	48.6	22	34	81.7	191.7	193.9	220.2	"1,448.60"
Europe	Portugal	Lisbon	99.9	84.9	53.2	68.1	53.6	15.9	4.2	6.2	32.9	100.8	127.6	126.7	774
Europe	Portugal	Porto	147.1	110.5	95.6	117.6	89.6	39.9	20.4	32.9	71.9	158.3	172	181	"1,237"
Europe	Romania	Bucharest	37	37	44	50	56	83	70	56	64	53	46	48	643
Europe	Russia	Moscow	52	41	35	37	49	80	85	82	68	71	55	52	707
Europe	Russia	Sochi	184	135	121	120	110	104	128	121	127	167	201	185	"1,703"
Europe	Serbia	Belgrade	46.9	40	49.3	56.1	58	101.2	63	58.3	55.3	50.2	55.1	57.4	690.9
Europe	Serbia	Niš	38.8	36.8	42.5	56.6	58	57.3	44	46.7	48	45.5	54.8	51.5	580.3
Europe	Slovakia	Bratislava	39	37	38	34	55	57	53	59	55	38	54	46	565
Europe	Slovenia	Bovec	141	106	163	203	221	203	187	200	267	324	331	257	"2,603"
Europe	Slovenia	Ljubljana	69	70	88	99	109	144	115	137	147	147	129	107	"1,362"
Europe	Spain	Almería	24	25	16	17	12	5	1	1	14	27	28	30	200
Europe	Spain	Barcelona	37	35	36	40	47	30	21	62	81	91	59	40	588
Europe	Spain	Madrid	33	35	25	45	51	21	12	10	22	60	58	51	423
Europe	Spain	Santiago de Compostela	210	167	146	146	135	72	43	57	107	226	217	261	"1,787"
Europe	Spain	Seville	66	50	36	54	31	10	2	5	27	68	91	99	539
Europe	Spain	Valencia	37	36	33	38	39	22	8	20	70	77	47	48	475
Europe	Sweden	Gothenburg	83	61	54	51.3	54.3	73.7	81.4	92.8	80	102.9	84.7	93.1	912.2
Europe	Sweden	Stockholm	37	29.4	27.3	29.2	34	61.7	61.5	66.2	53.3	51.4	47.6	47.8	546.4
Europe	Switzerland	Camedo	80.7	72.8	115.7	229.5	244.5	210.3	157.9	226.4	278.2	290.1	284.7	93.9	"2,284.70"
Europe	Switzerland	Geneva	73	56	62	67	79	83	79	81	91	97	89	90	946
Europe	Switzerland	Locarno	69.6	64.5	94.9	166.3	189.6	186.8	162.9	211.6	203.1	209.5	207.7	88.6	"1,855.10"
Europe	Switzerland	Lugano	65.5	61.3	75.5	138	177.6	171.5	157.9	158.2	164.9	149.7	166.6	79.9	"1,566.60"
Europe	Switzerland	Sion	52	40	37	34	52	48	62	60	38	43	50	68	583
Europe	Switzerland	Zürich	63	64	78	83	122	128	124	124	99	86	79	83	"1,134"
Europe	Turkey	Istanbul	99.5	82.1	69.2	43.1	31.5	40.6	39.6	41.9	64.4	102.3	110.3	125.1	849.6
Europe	Ukraine	Kyiv	35.7	38.6	36.4	46.2	58.1	82.7	71.8	60.4	58.2	39.7	48.8	44.1	620.7
Europe	United Kingdom	Capel Curig	309.6	258.2	213.4	155.8	142	144.1	157.6	189.7	206.3	274	300.4	346	"2,697.10"
Europe	United Kingdom	Edinburgh	67.5	47	51.7	40.5	48.9	61.3	65	60.2	63.7	75.6	62.1	60.8	704.3
Europe	United Kingdom	Glasgow	157.3	125	112.4	73.2	71.9	80.8	91.9	107.1	109.4	135.7	145	160.7	"1,370.40"
Europe	United Kingdom	Liverpool	69.4	57.1	53.3	49.8	52.5	64.4	65.5	72.1	76.6	89.7	82.2	91.9	824.3
Europe	United Kingdom	London	55.2	40.9	41.6	43.7	49.4	45.1	44.5	49.5	49.1	68.5	59	55.2	601.7
North America	Antigua and Barbuda	St. John's	56.6	44.9	46	72	89.6	62	86.5	99.4	131.6	142.2	135.1	83.4	"1,049.30"
North America	Jamaica	Port Antonio	224	144	113	170	299	339	257	250	277	352	359	298	"3,082"
North America	United States	San Francisco	103.1	74.9	78	32.8	6.4	3.8	1	1.8	6.6	32	81.5	78.7	500.6
North America	United States	Seattle	136.7	101.3	89.9	59.2	43.2	38.1	19.3	29	47.8	82	148.1	150.1	944.7
Oceania	American Samoa	Lumā	606.5	539.6	477	413.7	406	274.4	279.4	274.2	338.4	413.4	513.8	614.8	"5,151.20"
Oceania	American Samoa	Pago Pago	387	348	278	286	298	162	191	176	203	260	306	364	"3,259"
Oceania	Australia	Adelaide	21.2	20	24.9	37.6	59.3	77.7	71.1	66.9	59.6	40	31	28.3	537.6
Oceania	Australia	Babinda	644.9	744.9	801	535.1	348.2	202.1	143.9	113.2	123.5	125.1	190.6	306.9	"4,279.40"
Oceania	Australia	Brisbane	138.1	185.2	131.6	61.3	61.1	63.8	27.5	34.2	26.6	86.3	95.7	129.1	"1,040.50"
Oceania	Australia	Cairns	388.7	479	368.2	175.9	81.2	42.7	35.9	26.6	29.3	63.4	85.1	190	"1,966.00"
Oceania	Australia	Coober Pedy	14.2	15.1	10.7	13.4	10	12.1	4.8	7	8.6	11.2	15.1	18.8	141
Oceania	Australia	Darwin	470.7	412.4	313.7	105.1	20.7	2.1	0.9	0.8	14.3	68.9	143.5	279.3	"1,832.40"
Oceania	Australia	Melbourne	39.3	41.4	37.5	42.1	34.3	41.5	32.8	39.3	46.1	48.5	60.1	52.5	515.4
Oceania	Australia	Perth	17.8	13.9	19.9	36.7	88.5	124	147.1	123.8	81.8	40.9	25	10.2	729.6
Oceania	Australia	Sydney	91.1	131.5	117.5	114.1	100.8	142	80.3	75.1	63.4	67.7	90.6	73	"1,147.10"
Oceania	Australia	Wyndham	217.5	216.9	147.9	40.2	8.1	4.7	0.2	0.1	1.5	26.1	57	205.2	925.4
Oceania	Cook islands	Avarua	256	229	219	246	199	128	112	141	138	121	171	246	"2,206"
Oceania	Cook islands	Pukapuka	443.4	434	366.6	190.2	248.2	222.8	219.6	187.3	207.9	245.3	341.5	480.4	"3,587.20"
Oceania	Fiji	Rotuma (Ahau)	345	368	348	284	295	246	213	224	236	300	318	312	"3,489"
Oceania	Fiji	Suva	371	265	374	366	270	163	136	158	177	221	245	277	"3,023"
Oceania	French Polynesia	Afaʻahiti	468.8	374.8	339.6	297.7	235	186.4	154.5	139	178.4	247.5	288.8	464.2	"3,374.70"
Oceania	French Polynesia	Papeʻete	317.5	277.7	240.2	143.1	149.5	80.8	62.7	56.4	64.3	120.9	155.2	396.8	"2,065.10"
Oceania	French Polynesia	Rapa Iti	227.2	204.9	256.3	234.8	172.2	215.4	237.5	209	148.1	177.8	143.1	209.6	"2,435.90"
Oceania	Guam	Dededo	133.4	114.3	80	93.5	113.1	206.9	310.7	442.3	348.1	318.2	245.6	166.4	"2,572.50"
Oceania	Kiribati	Kiritimati	142.8	84.7	147.5	189.9	91.4	81.6	77.1	50.9	32.2	56.2	36.5	60.1	"1,050.90"
Oceania	Kiribati	Tarawa	271	218	204	184	158	155	168	138	120	110	115	212	"2,053"
Oceania	Kiribati	Teraina	359.4	296	420.4	503.3	516.8	416.6	356	227.8	162.6	218.9	248.9	351.7	"4,078.40"
Oceania	Marshall islands	Kwajalein	115.8	82	104.1	191.8	253.5	244.3	265.2	256.8	300.5	302.5	270.8	205.7	"2,593"
Oceania	Marshall Islands	Majuro	209	194	220	282	272	282	278	284	320	350	341	302	"3,334"
Oceania	Micronesia	Malem	402	490	504	586	493	454	448	416	383	344	415	512	"5,447"
Oceania	Micronesia	Palikir	377	279	353	462	502	464	504	515	464	469	421	392	"5,202"
Oceania	New Caledonia	Nouméa	107.2	134	167.7	124.2	86	82.1	71.8	70.3	38.4	39.1	44.4	68.4	"1,034.30"
Oceania	New Caledonia	Yaté	293.2	320.3	415.8	306.1	201.9	159.2	172.1	141	133.2	115.9	119.1	227.1	"2,604.90"
Oceania	New Zealand	Alexandra	50.1	32.8	29	22	27.4	31.6	24.2	17.6	20.9	28.7	30.6	44.5	359.4
Oceania	New Zealand	Auckland	73.3	66.1	87.3	99.4	112.6	126.4	145.1	118.4	105.1	100.2	85.8	92.8	"1,212.50"
Oceania	New Zealand	Hokitika	242.3	178.9	215	235.8	242.1	249.3	219.3	231.9	256.5	276.3	239.6	268.5	"2,855.50"
Oceania	New Zealand	Milford Sound	632.8	499.6	601.1	548.1	566.4	424.1	393.9	428.7	540.1	631.3	566.6	595	"6,427.70"
Oceania	New Zealand	Wellington	77.5	77	85.8	100.9	120.7	132.4	136	125.5	100.8	110.3	91.5	92	"1,250.40"
Oceania	Palau	Koror	271.8	231.6	208.3	220.2	304.5	438.7	458.2	379.7	301.2	352.3	287.5	304.3	"3,758.30"
Oceania	Papua New Guinea	Daru	302	264	318	320	239	97	76	56	46	58	117	206	"2,099"
Oceania	Papua New Guinea	Ialibu	318	332	367	319	234	189	233	237	315	346	305	344	"3,539"
Oceania	Papua New Guinea	Kikori	342	372	331	405	649	677	658	566	599	464	262	286	"5,611"
Oceania	Papua New Guinea	Lae	280.9	232.6	315.4	399.2	389.2	472.7	503.9	528.3	441.3	445.3	317.2	351.1	"4,677.10"
Oceania	Papua New Guinea	Madang	360	312	340	429	371	205	156	134	137	288	375	402	"3,509"
Oceania	Papua New Guinea	Mount Hagen	283.2	299.3	309.1	248.8	179.9	121.8	135.4	162.8	192.7	218.1	207.6	279.1	"2,637.80"
Oceania	Papua New Guinea	Olsobip	878.3	804	1044.9	1038.6	1009.3	946.9	785.7	792.2	866.5	868.4	674.8	829.8	"10,539.40"
Oceania	Papua New Guinea	Palmalmal	175	196	248	303	408	743	"1,086"	918	536	321	201	216	"5,351"
Oceania	Papua New Guinea	Port Moresby	184	193	212	137	72	48	26	31	33	37	67	130	"1,170"
Oceania	Papua New Guinea	Tabubil	713.9	688.1	788	766.5	775.8	762.2	665.1	675.6	735.7	664.8	535	700.1	"8,470.80"
Oceania	Samoa	Apia	489	368	352.1	211.2	192.6	120.8	120.7	113.2	153.9	224.3	261.7	357.5	"2,965.00"
Oceania	Samoa	Lona	600.4	505.6	429.2	368.7	389.8	268.1	269	241.1	347.6	393	475	525.6	"4,813.10"
Oceania	Solomon Islands	Gizo	413	353	385	292	272	258	367	285	267	247	246	284	"3,669"
Oceania	Solomon Islands	Honiara	277	287	362	214	141	97	100	92	95	154	141	217	"2,177"
Oceania	Solomon Islands	Vanikoro	469.2	496.4	500.6	489.9	471.6	355.3	386.4	398.4	404.1	505.9	518.2	506.8	"5,502.80"
Oceania	Tokelau	Fakaofo	406.5	384.5	370	255.1	320.5	233.5	253.6	233.9	241.5	232	295.8	395.3	"3,622.20"
Oceania	Tonga	Hihifo	414.6	382.2	375.3	381	258.6	178.9	135.5	144.4	146.5	267.4	283	401.2	"3,368.60"
Oceania	Tonga	Nukuʻalofa	174	210	206	165	111	95	95	117	122	128	123	175	"1,721"
Oceania	Tuvalu	Funafuti	413.7	360.6	324.3	255.8	259.8	216.6	253.1	275.9	217.5	266.5	275.9	393.9	"3,513.60"
Oceania	United States	Hilo	200	260	322	239	178	185	235	287	221	260	366	307	"3,060"
Oceania	United States	Honolulu	47	49	60	20	21	13	13	21	22	38	57	55	416
Oceania	Vanuatu	Port Vila	320.9	273.7	320.9	255.2	210.3	180	94.4	87.4	87.3	134.1	192.3	187.2	"2,338.90"
Oceania	Vanuatu	Sola	421.3	403.1	415.6	535	420.4	337	280.5	274.6	289.5	349.7	471.5	464.6	"4,662.80"
Oceania	Wallis and Futuna	Mata Utu	381.4	301.3	373.5	287.6	258.4	159.3	186.5	149.9	221.1	330.4	322.9	350.3	"3,322.60"
South America	Argentina	Bahía Blanca	67.1	67.1	75.2	54.5	41.2	31.5	31.1	34.5	51.6	73.3	56.8	67.3	651.2
South America	Argentina	Bariloche	31.2	29.3	61.7	82.2	173.4	200.8	167.8	129	83.1	43	51.9	43.1	"1,096.50"
South America	Argentina	Bernardo de Irigoyen	184.2	237.3	174.3	196.2	216.4	208.5	159.8	145.8	193.9	245.3	209.7	173.9	"2,345.30"
South America	Argentina	Buenos Aires	138.8	127.1	140.1	119	92.3	58.8	60.6	64.2	72	127.2	117.3	118.9	"1,236.30"
South America	Argentina	Córdoba	141	115.9	126.9	66.3	21.3	4.8	13.5	9.7	35.2	71.9	118.3	156.9	881.7
South America	Argentina	El Calafate	6.5	12.6	20	25.1	21.1	18.8	14.7	11.9	12.6	10.8	7.9	9.4	171.4
South America	Argentina	Los Toldos	356.6	310.1	287.7	86.7	27.4	10.5	9.5	12.3	37.2	134.3	221	335.9	"1,829.20"
South America	Argentina	Neuquén	12.9	11.9	23.6	15.3	21.1	23.5	15.9	11.4	19.3	20.3	14.5	11.2	200.9
South America	Argentina	Orán	216.6	183.7	184.2	70.9	19.8	6.3	4.5	5.4	16.3	60	108.1	170.1	"1,045.90"
South America	Argentina	Puerto Blest	118.3	94.9	150.4	255.5	488.6	589.3	463.9	401.7	250.9	218.6	154.6	140.7	"3,327.40"
South America	Argentina	Resistencia	161.1	165.6	174.4	202.3	78.4	63.8	30.6	38	68.9	134.7	168.2	146.9	"1,432.90"
South America	Argentina	Río Gallegos	27.7	27.1	26.7	26.7	26.9	18.3	19.2	16.9	13.3	16.9	22.7	25.9	268.3
South America	Argentina	San Juan	15.7	18.9	11.2	4.4	4.4	1.6	3.5	3.2	5.6	3.6	7	11.6	90.7
South America	Argentina	Ushuaia	49.5	42.1	46.8	55.9	47.6	56.4	40.1	36	34.5	36.1	41.3	50.7	537
South America	Argentina	Villa la Angostura	63.7	44.5	77.8	141.3	207.8	362.4	249.6	226.3	144.3	139.8	123.1	67.7	"1,848.30"
South America	Bolivia	Cobija	301.8	314.8	285	179.3	112	29.5	23.1	47.9	79.5	141.2	201.1	263.4	"1,978.60"
South America	Bolivia	La Paz	133.7	104.7	71.7	31.7	14.3	5.1	7.1	15.2	35.5	38.1	50.5	94.9	602.5
South America	Bolivia	Locotal	509.3	437.9	401.1	213.6	146.6	98.2	85.4	101.3	146.3	248.7	349.6	423.3	"3,161.30"
South America	Bolivia	San Ignacio	392.8	387.1	264.5	185.2	145.5	78.7	70.4	39	103.1	144.9	242.7	363.7	"2,417.60"
South America	Bolivia	Santa Cruz	227.3	206.8	188.4	89.8	28.4	41.7	40	72.8	104.2	152.8	131.6	156.4	"1,440.20"
South America	Bolivia	Sucre	150	126	108	46	10	4	2	14	23	56	72	124	735
South America	Bolivia	Uyuni	79.3	37.7	28.5	2.3	0.8	1.8	0	1.7	1.8	2.8	3.8	26.4	186.9
South America	Bolivia	Villa Tunari	881.1	760.6	691	410.8	333.5	223.2	178.2	154.8	222.2	434.1	607.9	778.6	"5,676.00"
South America	Brazil	Aracaju	77.9	85.1	175.7	261.2	333.8	207.2	174.7	113.9	91.4	65.8	52.3	56.3	"1,695.30"
South America	Brazil	Belém	384.5	399.5	450.3	424.3	298.4	185.3	153.8	134.8	128.2	129.2	127.4	268.3	"3,084.00"
South America	Brazil	Boa Vista	29.1	32.2	39.2	146.5	347.3	335.7	308.1	220.7	98.1	67.1	69.6	60.4	"1,754.00"
South America	Brazil	Brasília	206	179.5	226	145.2	26.9	3.3	1.5	16.3	38.1	141.8	253.1	241.1	"1,478.80"
South America	Brazil	Calçoene	579.3	594.6	535.7	608.5	643.1	386.8	205.7	92.4	31.9	40	94.9	351.7	"4,164.60"
South America	Brazil	Florianópolis	250.6	201.6	179.7	123.5	132.5	75.7	118	74	141	148.9	150.6	172.5	"1,768.60"
South America	Brazil	Fortaleza	156.4	187	336.9	385	229	130	69.7	20	13.6	9.5	9.8	37.1	"1,584.00"
South America	Brazil	João Pessoa	75.8	108.4	252.2	349.8	307.3	346.1	346.2	183.5	87.2	35.4	24.9	28.5	"2,145.30"
South America	Brazil	Macapá	294.7	343.3	394.2	384	319.5	244.7	190.8	92.4	28	34.8	69.8	153.5	"2,549.70"
South America	Brazil	Maceió	83	72.9	117.4	207.5	296.9	353.8	265.2	201.5	120.2	61.6	46.9	40.5	"1,867.40"
South America	Brazil	Manaus	287	295.1	300	319	246.9	118.3	75.4	64.3	76.3	104.1	169.2	245.6	"2,301.20"
South America	Brazil	Natal	80.7	99.8	200.8	240.5	221.8	348.8	254	118.7	54	20.6	22.5	29	"1,691.20"
South America	Brazil	Paranaguá	363.3	304.6	270.7	164.9	121.2	99.8	112.2	82.5	162.8	171	196.7	234.6	"2,284.30"
South America	Brazil	Parnaíba	142.5	254.8	371.1	405.7	255.1	72.8	37.4	1.1	3.2	3.4	5.6	43.7	"1,596.40"
South America	Brazil	Petrolândia	49.8	69.1	112	68.2	22.1	11	14.1	2.4	3.2	10.4	14.8	51	428.1
South America	Brazil	Porto Alegre	110.1	106.5	92.2	107.3	118.8	141.3	141.3	117.4	141.5	138.3	110.9	99.6	"1,425.20"
South America	Brazil	Porto Velho	320.9	316	273.9	251	126.6	49.6	24.2	36.4	119.9	192.7	225.2	319.1	"2,255.10"
South America	Brazil	Recife	108.2	148.2	256.9	337.6	318.5	377.9	388.1	204.8	122	63	35.7	56.8	"2,417.70"
South America	Brazil	Rio de Janeiro	137.1	130.4	135.8	94.9	69.8	42.7	41.9	44.5	53.6	86.5	97.8	134.2	"1,069.20"
South America	Brazil	Salvador	138	142	151.6	309.7	359.9	243.7	175	127.4	102	114.9	137.1	142.8	"2,144.10"
South America	Brazil	São Luís	244.2	373	428	475.9	316.5	173.3	131.1	29.4	23.3	7.6	10.5	77.4	"2,290.20"
South America	Brazil	São Paulo	292.1	257.3	229.1	87	66.3	59.7	48.4	32.3	83.3	127.2	143.9	231.3	"1,658.30"
South America	Brazil	Taracuá	293.3	275.8	372.4	358.4	406.8	352.3	310.2	259.4	249.1	251.4	236	272.5	"3,637.60"
South America	Brazil	Teresópolis	401.9	322.6	263.3	226.3	120.7	69.8	83.4	101.3	143.7	264.5	351.5	425.4	"2,774.40"
South America	Brazil	Vitória	119.4	78.9	108.2	97.6	85.7	62.3	85.2	40.3	89.8	144.4	164.7	175.8	"1,252.30"
South America	Chile	Antofagasta	0	0	0	0.1	0.3	0.8	0.4	0.4	0.3	0	0.1	0.1	2.5
South America	Chile	Arica	0.3	0.2	0.3	0	0.1	0.2	0.4	0.1	0.1	0	0	0.1	1.8
South America	Chile	"Armerillo, San Clemente"	21.6	21.2	43.5	138.7	445.8	567.8	467.9	352.3	223.8	127.6	84.2	47.7	"2,542.10"
South America	Chile	Calama	0.4	0.8	0.2	0.1	1.2	2	0.6	0.3	0.2	0.1	0	0	5.9
South America	Chile	Caleta Chaihuín	121.8	105.8	174.5	316.5	538	635.3	529.8	454.4	281.9	232.3	171.3	133.5	"3,695.10"
South America	Chile	Chaitén	316.9	245	356.6	484	609.3	650.8	509.6	490.1	386.8	367.1	328.9	346.7	"5,091.80"
South America	Chile	Concepción	15.7	15.4	25.4	72.4	182.7	230.7	198.4	153.6	84.1	57.2	33.4	21.3	"1,090.30"
South America	Chile	Copiapó	0	0.1	1.2	1	1.5	5.6	5.6	3.4	0.3	0.1	0	0	18.8
South America	Chile	La Serena	0.2	0.1	0.8	0.9	11.1	20.9	32.3	15.3	3.1	1.6	0.3	0.2	86.8
South America	Chile	Puerto Aguirre	257	214	263.3	343.5	402.2	396.6	365.2	336.6	278.8	291.5	239.8	285.3	"3,673.80"
South America	Chile	Puerto Aysén	159.1	124.6	149.2	200.2	258.5	240.4	237.7	213.4	181.3	149.1	146.3	178.7	"2,238.50"
South America	Chile	Punta Arenas	42.4	30.7	42.2	44.7	40.8	29.4	30.4	32.1	27.1	28.8	28	31.6	408.2
South America	Chile	Quillagua	0.05	0	0	0	0	0	0	0	0	0	0	0	0.05
South America	Chile	San Pedro de Atacama	4	21	7	0	1	2	0	1	1	0	1	0	38
South America	Chile	Santiago	0.6	1.3	6.1	16.3	55.5	83.3	75.9	55.1	27.2	12.9	6.2	1.5	341.9
South America	Chile	Valdivia	49.8	38.6	69.6	131.8	256	336	261.7	226.5	130	109.1	84	59.8	"1,752.90"
South America	Chile	Villa Puerto Edén	507.5	523.1	532.2	525.2	508.7	482.8	499.7	419.2	377.9	447.2	456.7	464.8	"5,745.00"
South America	Chile	Visviri	112	87	54	15	2	0	0	1	1	12	16	36	336
South America	Colombia	Arauca	11.9	23.8	50.6	147.2	267.5	304.7	309.6	224.7	187.1	200.1	109.7	30.8	"1,867.70"
South America	Colombia	Armenia	166	137.8	229.9	253	203.9	85	67.6	86.5	140.8	253.7	313.1	222.3	"2,159.60"
South America	Colombia	Barranquilla	1	0	1	24	116	85	67	107	154	164	74	27	820
South America	Colombia	Bogotá	28.4	45	72.8	110.7	107.7	58.7	46.2	44.7	64.4	111.2	93.3	58.2	841.3
South America	Colombia	Buenaventura	413.9	290.9	392.7	530.2	618.9	533.3	578.3	666.2	781.2	807.3	713.9	571.4	"6,898.20"
South America	Colombia	Cali	74.8	61.2	94.2	139.8	132.9	66.7	47.7	40.3	69.9	119.9	117.9	83.6	"1,048.90"
South America	Colombia	Cartagena	1.9	0.5	1.9	22	120.3	101.5	119.4	128.9	144.5	238.8	156.9	50.4	"1,087.00"
South America	Colombia	Cúcuta	51.2	42.8	68.3	114.1	85	40.2	39.2	45.9	68.2	137.6	131.7	80.1	904.2
South America	Colombia	Inírida	90.9	127.4	118.5	293.7	435.6	504.4	509.1	398.9	297.7	224.3	204.6	123	"3,328.10"
South America	Colombia	La Raya	0.9	77.6	105.4	310.1	525.2	487.6	545.7	606.1	498.7	631.4	537.8	264.4	"4,590.90"
South America	Colombia	Leticia	366.8	354.6	357.9	376.4	301.9	189.8	158.1	157.9	220.8	257.3	317.5	330.1	"3,389.10"
South America	Colombia	López de Micay	940.3	804.4	812.9	"1,399.00"	"1,556.10"	"1,301.60"	997.9	935.5	"1,931.00"	"1,641.90"	"1,660.20"	"2,011.30"	"15,992.10"
South America	Colombia	Medellín	63.2	81.4	129.1	170.7	213.5	149.4	133.1	139.7	181.8	226.7	158.9	104.8	"1,752.30"
South America	Colombia	Mitú	257.1	209.5	228.8	331.2	381.5	373.6	385.4	301.2	241	234	219	193.3	"3,355.60"
South America	Colombia	Mocoa	200.6	227.1	273.1	383.5	442.3	473.5	411.3	348	296.3	237.2	236	214.8	"3,743.70"
South America	Colombia	Puerto Carreño	11.1	17	45.4	156.1	285.3	466.3	487.9	340.9	208.5	167.5	108.8	33.8	"2,328.60"
South America	Colombia	Puerto López	1.9	2.1	2.2	0.4	15.9	7.2	12.3	21.5	27.7	70.4	60.4	27.5	249.5
South America	Colombia	Quibdó	579.3	505.4	526.1	654.6	776.2	761.6	802.6	851.7	702.4	654	728.1	588.5	"8,130.50"
South America	Colombia	Riohacha	3.7	1.6	5.5	31.3	75.9	51.2	16.8	50	142.6	148.8	75.6	31	634
South America	Colombia	San José del Guaviare	44.6	94	153.2	319.7	353.6	355	334.9	273.1	237.1	235.4	225	99.9	"2,725.50"
South America	Colombia	Sincelejo	20.4	23.1	21.8	119	180	145.4	124.3	157.6	170.2	164	103.9	58.6	"1,288.30"
South America	Colombia	Tumaco	341.8	276.8	286.9	330.8	360.1	217.8	166.4	97.1	125.5	113.9	136.2	205.1	"2,658.40"
South America	Colombia	Tutunendo	874.2	743.8	764.8	962.8	"1,062.90"	"1,003.50"	"1,070.90"	"1,092.50"	"1,073.70"	"1,019.40"	"1,020.60"	907.2	"11,596.10"
South America	Colombia	Villavicencio	63	132.2	230.4	520.2	673.8	541.6	460.6	399.6	406.8	498.9	424.5	186.3	"4,537.90"
South America	Colombia	Yopal	9.6	53.7	101.3	262.6	360.1	324.5	330.4	276.5	270.3	238.7	134.2	28.2	"2,390.10"
South America	Colombia 	Aguadas  	109.9	131.3	234.1	333	356.2	210.8	180.9	195.1	292.2	367.9	303.5	190.2	"2,905.10"
South America	Colombia 	Bahía Solano  	273.9	170	195	339	482.5	454.2	475	571.5	565	770	639.8	472.7	"5,408.60"
South America	Colombia 	"Briceño, Antioquia  "	162.3	245.4	297.1	576.5	776.8	732.9	791.8	752.7	684.4	723.4	511.5	273.9	"6,528.70"
South America	Colombia 	Ibagué  	86.5	109.1	138.2	227.1	228.2	110.6	75.9	78.2	149.9	205.6	173.7	108.6	"1,691.60"
South America	Colombia 	"Junín, Nariño  "	811.5	660.9	779.5	945	896.8	720	561.7	448.9	614.1	846.2	686.7	839.7	"8,811.00"
South America	Colombia 	La Pedrera  	316.3	270.4	423.8	398.9	426.4	359.9	335.7	293.3	253.9	250.2	304.1	301.2	"3,934.10"
South America	Colombia 	Manizales  	103.5	94	133.9	176.2	161.9	108.9	74.2	74.2	139.8	209	176.5	131.5	"1,583.60"
South America	Colombia 	Mesopotamia  	160.3	209.3	258.3	319.3	392.4	356.6	357.2	334.3	394.9	307	226.9	189.7	"3,506.20"
South America	Colombia 	Mutatá  	185.5	138.2	157.3	365.9	629.9	575.3	496	549.6	590.4	680.7	642.8	372.8	"5,384.40"
South America	Colombia 	Neiva  	100.4	123.6	162.5	149.5	94.9	34.8	31.3	19.9	60.5	204.2	232.3	165.9	"1,384.30"
South America	Colombia 	Pasto  	69.1	65.7	81.1	87.1	77.6	44.7	32.8	25	63.9	95.5	101.1	82.9	826.5
South America	Colombia 	Pereira  	132.7	132.6	220.2	249.3	257.4	196.1	133.5	129	195.9	290.5	287.9	199.4	"2,424.50"
South America	Colombia 	Popayán  	199.8	175.7	216.4	200.9	170.7	76.9	54.8	65.9	122.7	252.6	338.5	252.3	"2,127.20"
South America	Colombia 	"Restrepo, Meta  "	187.8	220.8	384.4	814.7	"1,169.10"	"1,028.10"	881.8	649.9	702	792.8	675.9	493.4	"8,000.70"
South America	Colombia 	San Antonio de Yurumangui  	684.8	567.2	587.6	819.1	878.3	825.7	780.6	787.8	904.3	950	850.5	808.6	"9,444.50"
South America	Colombia 	Santa Marta  	3.1	2	2.3	14.1	55.4	60.7	59.6	70	88.3	111	63.5	15.2	545.2
South America	Colombia 	Valledupar  	6.8	28.5	78.1	125.9	181.3	119.1	114.4	140.7	154.8	169.7	148.9	40	"1,308.20"
South America	Ecuador	Alto Tambo	579	550.8	656.8	786.4	814.1	638.9	498.8	377.4	494.9	475.6	438.1	539.6	"6,850.40"
South America	Ecuador	El Coca	243	279	235	374	329	293	241	185	252	308	309	271	"3,319"
South America	Ecuador	Esmeraldas	134	157	123	81	62	52	27	18	23	16	13	32	738
South America	Ecuador	Guayaquil	200.7	332	315.7	207.7	62.6	34	15.6	1.2	1.5	5.6	29.1	68	"1,273.70"
South America	Ecuador	Latacunga	33	55	61	70	42	30	18	17	31	59	56	43	515
South America	Ecuador	Loja	91.8	113.1	126.9	87.8	55.3	57	57.7	47.1	47.1	72.7	58.7	77.3	892.5
South America	Ecuador	Macas	216.1	226.2	255.5	318.1	291.2	275.4	224.7	193.6	217.9	242.8	221.9	230.9	"2,914.30"
South America	Ecuador	Machala	71	111	116	69	24	14	12	11	11	16	13	21	489
South America	Ecuador	Manta	40.6	96.5	68.6	25.4	2.5	5.1	5.1	0.8	0.8	0.8	2.5	5.1	253.8
South America	Ecuador	Nanegalito	351.3	371.3	468.1	485.2	330.6	186.9	104.5	103.8	198.5	227.7	257	304.2	"3,389.10"
South America	Ecuador	Nueva Loja	215	228	308	381	360	342	302	223	264	309	299	246	"3,477"
South America	Ecuador	Puerto Baquerizo Moreno	83.4	107.4	106.3	94.9	41.9	32.5	18.8	9.8	7.6	11	12.6	51.5	577.7
South America	Ecuador	Puyo	301	298	429	465	408	457	389	346	365	382	364	332	"4,536"
South America	Ecuador	Quito	82.5	111	146.6	171.2	105.5	39.5	21.5	27.7	68.9	114.9	108.5	100.4	"1,098.20"
South America	Ecuador	Salinas	16	41	37	16	2	1	0	1	1	1	0	1	117
South America	Ecuador	San Francisco de Borja	263.2	258.2	318	339.9	306.7	264.6	251	206	226.7	279.5	301.1	304.9	"3,319.80"
South America	Ecuador	San Lorenzo	269.5	279.1	294.5	368.7	378	285.2	230.4	146.1	172.8	143.7	124.3	186.7	"2,879.00"
South America	Ecuador	Santo Domingo	459.4	565.8	577.4	572.6	282.1	122.6	76.7	48.9	84	81.3	93.9	209.6	"3,174.30"
South America	Ecuador	Tena	363.4	342.3	377.9	441.9	421.3	434.4	380.4	290.6	302.5	358.5	411.7	427.7	"4,552.60"
South America	Ecuador	Tulcán	75	80	92	106	78	58	37	37	51	113	120	94	941
South America	French Guiana	Cayenne	399.4	334.8	315.4	443.2	600	392.2	262.2	135.4	63.2	54.9	135.2	352.3	"3,488.20"
South America	French Guiana	Charvein	264.9	240.5	209.1	347.4	446.8	352	248.7	165.5	81.9	68.3	140.6	272.1	"2,837.80"
South America	French Guiana	Ouanary	492.8	399.1	356.2	501.4	671.3	485.7	233.4	120.5	50.8	71.5	137.1	376.7	"3,896.50"
South America	French Guiana	Saül	241.2	259.7	263.1	328	351.7	264.9	200.5	135.2	72.1	71.1	125.6	209.6	"2,522.70"
South America	Guyana	Georgetown	185.2	88.5	111	140.5	285.5	327.7	268	201.4	97.5	107.2	185.9	261.9	"2,260.30"
South America	Guyana	Linden	207.4	85.5	136.8	264.7	371.6	422.1	390.7	254	196.9	196.4	242.1	289.8	"3,058.00"
South America	Paraguay	Asunción	147.2	129.2	117.9	166	113.3	82.4	39.4	72.6	87.7	130.8	164.4	150.3	"1,401.20"
South America	Paraguay	Encarnación	152.2	160.6	142.4	162.2	144.2	135.8	102.7	116.9	149.5	181.7	161.5	150	"1,759.70"
South America	Paraguay	Filadelfia	104	91	73	81	40	28	19	6	27	79	81	85	724
South America	Peru	Arequipa	27.5	39.9	20.6	0.6	0.1	0.1	0	1	0.8	0.2	1	4.7	96.5
South America	Peru	Cerro de Pasco	119	139	139	69	33	17	15	17	46	96	101	127	918
South America	Peru	Chiclayo	5.9	2.4	8.8	4	1.3	0.4	0	0.3	0.6	0.8	1.9	0.5	26.9
South America	Peru	Chontachaca	677	595	639	492	370	318	277	278	317	488	454	564	"5,469"
South America	Peru	Cusco	160	132.9	108.4	44.4	8.6	2.4	3.9	8	22.4	47.3	78.6	120.1	737
South America	Peru	Ilo	0.1	0.2	0.1	0	0.1	0.1	0.2	0.1	0.2	0	0.1	0	1.2
South America	Peru	Iquitos	279	226.7	279	309.8	273.7	190.1	181.9	164.6	189	241.9	260.2	282.4	"2,878.30"
South America	Peru	Lanlacuni Bajo	966	876	770	458	327	312	384	309	342	488	578	819	"6,629"
South America	Peru	Lima	0.8	0.4	0.4	0.1	0.3	0.7	1	1.5	0.7	0.2	0.1	0.2	6.4
South America	Peru	Piura	16.9	19	32.4	24.4	15.1	5	0.5	0	0	1.1	0.8	1.2	116.4
South America	Peru	Pongo de Caynarachi	397	443	510	464	380	297	212	210	278	399	456	450	"4,496"
South America	Peru	Pucallpa	158	183	217	178	111	78	49	67	105	165	190	166	"1,667"
South America	Peru	Puerto Maldonado	342.6	333.4	274.9	154.2	105.5	57.6	56.8	63.3	98.1	164.4	236.9	279.3	"2,167.00"
South America	Peru	Quince Mil	1149.6	915.3	757.7	504.5	392.3	400.2	394	304.2	314.5	618.9	689	913.7	"7,353.90"
South America	Peru	Sandia	364.8	318.5	250	171.6	121.2	88.5	78.5	81.9	116.6	181.6	217.7	298.5	"2,289.40"
South America	Peru	Tacna	0.9	0.8	0.2	0.4	1.5	2.3	4.4	5.6	8.8	3.4	0.5	0.5	29.3
South America	Peru	Trujillo	1.2	0.8	1.8	0.1	0.1	0	0	0	0	0.2	0	0.1	4.3
South America	Suriname	Paramaribo	207.9	123.9	113.5	202.5	307.5	318.4	241.3	168.2	116.9	94.1	120.8	177.2	"2,192.20"
South America	Uruguay	Montevideo	94	95	106	111	83	89	93	90	92	102	96	91	"1,142"
South America	Uruguay	Rivera	136.4	160.4	133.1	181.9	148.3	110.7	91.2	87	130.9	149.4	150.4	125.2	"1,604.90"
South America	Venezuela	Barinas	13	19.4	41.4	158	252.1	260	228.3	226.9	214.2	196.1	111.8	29.5	"1,750.70"
South America	Venezuela	Caracas	15.3	13.2	11.4	59.2	81.7	134.1	118.4	123.8	115.4	126.3	72.6	41.4	912.8
South America	Venezuela	Casigua-El Cubo	117	125.7	152.1	362.4	398.8	291.4	310.8	340.3	354.4	443.8	392.7	256.5	"3,545.90"
South America	Venezuela	Colonia Tovar	23.5	24.8	22.5	93.3	159.1	163.2	185.5	213.4	189.1	182.4	137.1	53.7	"1,447.60"
South America	Venezuela	Maracaibo	5.1	2.7	5.9	52.1	66.8	55.4	26.5	60	104	114.4	70.6	16.9	580.4
South America	Venezuela	Maracay	4.9	7.9	19.1	58.9	99	106.7	142.6	172	143.6	105.3	51.2	14.3	925.5
South America	Venezuela	Mérida	39.8	48	62.9	177.4	236.1	163.8	119.4	151.7	228.8	283.5	194.5	78.8	"1,784.70"
South America	Venezuela	Mucuchíes	14	13	24	103	117	98	89	92	88	103	64	18	823
South America	Venezuela	Puerto Ayacucho	31	43	72.4	174.2	300	410.2	391.7	303.3	215.8	166.4	137.5	43.1	"2,288.60"
South America	Venezuela	San Carlos de Río Negro	215	198	276	313	398	394	360	310	270	249	220	227	"3,430"
South America	Venezuela	San Fernando de Apure	3	11.3	21.2	97.5	174.7	251.5	281.7	243	163.7	111.8	44.8	10.4	"1,414.60"
South America	Venezuela	Tucupita	88	42	43	62	127	212	208	171	103	95	121	125	"1,397"
South America	Venezuela	Urimán	82.3	77.3	86.6	231	431.1	586.7	581.9	480.4	338.9	258.9	223.9	156.1	"3,535.10"
